series_id,year,period,month_num,obs_date,cpi_value,footnote_codes
"CUSR0000SA0      ",1947,M01,1,1947-01-01,21.480,NULL
"CUSR0000SA0      ",1947,M02,2,1947-02-01,21.620,NULL
"CUSR0000SA0      ",1947,M03,3,1947-03-01,22.000,NULL
"CUSR0000SA0      ",1947,M04,4,1947-04-01,22.000,NULL
"CUSR0000SA0      ",1947,M05,5,1947-05-01,21.950,NULL
"CUSR0000SA0      ",1947,M06,6,1947-06-01,22.080,NULL
"CUSR0000SA0      ",1947,M07,7,1947-07-01,22.230,NULL
"CUSR0000SA0      ",1947,M08,8,1947-08-01,22.400,NULL
"CUSR0000SA0      ",1947,M09,9,1947-09-01,22.840,NULL
"CUSR0000SA0      ",1947,M10,10,1947-10-01,22.910,NULL
"CUSR0000SA0      ",1947,M11,11,1947-11-01,23.060,NULL
"CUSR0000SA0      ",1947,M12,12,1947-12-01,23.410,NULL
"CUSR0000SA0      ",1948,M01,1,1948-01-01,23.680,NULL
"CUSR0000SA0      ",1948,M02,2,1948-02-01,23.670,NULL
"CUSR0000SA0      ",1948,M03,3,1948-03-01,23.500,NULL
"CUSR0000SA0      ",1948,M04,4,1948-04-01,23.820,NULL
"CUSR0000SA0      ",1948,M05,5,1948-05-01,24.010,NULL
"CUSR0000SA0      ",1948,M06,6,1948-06-01,24.150,NULL
"CUSR0000SA0      ",1948,M07,7,1948-07-01,24.400,NULL
"CUSR0000SA0      ",1948,M08,8,1948-08-01,24.430,NULL
"CUSR0000SA0      ",1948,M09,9,1948-09-01,24.360,NULL
"CUSR0000SA0      ",1948,M10,10,1948-10-01,24.310,NULL
"CUSR0000SA0      ",1948,M11,11,1948-11-01,24.160,NULL
"CUSR0000SA0      ",1948,M12,12,1948-12-01,24.050,NULL
"CUSR0000SA0      ",1949,M01,1,1949-01-01,24.010,NULL
"CUSR0000SA0      ",1949,M02,2,1949-02-01,23.910,NULL
"CUSR0000SA0      ",1949,M03,3,1949-03-01,23.910,NULL
"CUSR0000SA0      ",1949,M04,4,1949-04-01,23.920,NULL
"CUSR0000SA0      ",1949,M05,5,1949-05-01,23.910,NULL
"CUSR0000SA0      ",1949,M06,6,1949-06-01,23.920,NULL
"CUSR0000SA0      ",1949,M07,7,1949-07-01,23.700,NULL
"CUSR0000SA0      ",1949,M08,8,1949-08-01,23.700,NULL
"CUSR0000SA0      ",1949,M09,9,1949-09-01,23.750,NULL
"CUSR0000SA0      ",1949,M10,10,1949-10-01,23.670,NULL
"CUSR0000SA0      ",1949,M11,11,1949-11-01,23.700,NULL
"CUSR0000SA0      ",1949,M12,12,1949-12-01,23.610,NULL
"CUSR0000SA0      ",1950,M01,1,1950-01-01,23.510,NULL
"CUSR0000SA0      ",1950,M02,2,1950-02-01,23.610,NULL
"CUSR0000SA0      ",1950,M03,3,1950-03-01,23.640,NULL
"CUSR0000SA0      ",1950,M04,4,1950-04-01,23.650,NULL
"CUSR0000SA0      ",1950,M05,5,1950-05-01,23.770,NULL
"CUSR0000SA0      ",1950,M06,6,1950-06-01,23.880,NULL
"CUSR0000SA0      ",1950,M07,7,1950-07-01,24.070,NULL
"CUSR0000SA0      ",1950,M08,8,1950-08-01,24.200,NULL
"CUSR0000SA0      ",1950,M09,9,1950-09-01,24.340,NULL
"CUSR0000SA0      ",1950,M10,10,1950-10-01,24.500,NULL
"CUSR0000SA0      ",1950,M11,11,1950-11-01,24.600,NULL
"CUSR0000SA0      ",1950,M12,12,1950-12-01,24.980,NULL
"CUSR0000SA0      ",1951,M01,1,1951-01-01,25.380,NULL
"CUSR0000SA0      ",1951,M02,2,1951-02-01,25.830,NULL
"CUSR0000SA0      ",1951,M03,3,1951-03-01,25.880,NULL
"CUSR0000SA0      ",1951,M04,4,1951-04-01,25.920,NULL
"CUSR0000SA0      ",1951,M05,5,1951-05-01,25.990,NULL
"CUSR0000SA0      ",1951,M06,6,1951-06-01,25.930,NULL
"CUSR0000SA0      ",1951,M07,7,1951-07-01,25.910,NULL
"CUSR0000SA0      ",1951,M08,8,1951-08-01,25.860,NULL
"CUSR0000SA0      ",1951,M09,9,1951-09-01,26.030,NULL
"CUSR0000SA0      ",1951,M10,10,1951-10-01,26.160,NULL
"CUSR0000SA0      ",1951,M11,11,1951-11-01,26.320,NULL
"CUSR0000SA0      ",1951,M12,12,1951-12-01,26.470,NULL
"CUSR0000SA0      ",1952,M01,1,1952-01-01,26.450,NULL
"CUSR0000SA0      ",1952,M02,2,1952-02-01,26.410,NULL
"CUSR0000SA0      ",1952,M03,3,1952-03-01,26.390,NULL
"CUSR0000SA0      ",1952,M04,4,1952-04-01,26.460,NULL
"CUSR0000SA0      ",1952,M05,5,1952-05-01,26.470,NULL
"CUSR0000SA0      ",1952,M06,6,1952-06-01,26.530,NULL
"CUSR0000SA0      ",1952,M07,7,1952-07-01,26.680,NULL
"CUSR0000SA0      ",1952,M08,8,1952-08-01,26.690,NULL
"CUSR0000SA0      ",1952,M09,9,1952-09-01,26.630,NULL
"CUSR0000SA0      ",1952,M10,10,1952-10-01,26.690,NULL
"CUSR0000SA0      ",1952,M11,11,1952-11-01,26.690,NULL
"CUSR0000SA0      ",1952,M12,12,1952-12-01,26.710,NULL
"CUSR0000SA0      ",1953,M01,1,1953-01-01,26.640,NULL
"CUSR0000SA0      ",1953,M02,2,1953-02-01,26.590,NULL
"CUSR0000SA0      ",1953,M03,3,1953-03-01,26.630,NULL
"CUSR0000SA0      ",1953,M04,4,1953-04-01,26.690,NULL
"CUSR0000SA0      ",1953,M05,5,1953-05-01,26.700,NULL
"CUSR0000SA0      ",1953,M06,6,1953-06-01,26.770,NULL
"CUSR0000SA0      ",1953,M07,7,1953-07-01,26.790,NULL
"CUSR0000SA0      ",1953,M08,8,1953-08-01,26.850,NULL
"CUSR0000SA0      ",1953,M09,9,1953-09-01,26.890,NULL
"CUSR0000SA0      ",1953,M10,10,1953-10-01,26.950,NULL
"CUSR0000SA0      ",1953,M11,11,1953-11-01,26.850,NULL
"CUSR0000SA0      ",1953,M12,12,1953-12-01,26.870,NULL
"CUSR0000SA0      ",1954,M01,1,1954-01-01,26.940,NULL
"CUSR0000SA0      ",1954,M02,2,1954-02-01,26.990,NULL
"CUSR0000SA0      ",1954,M03,3,1954-03-01,26.930,NULL
"CUSR0000SA0      ",1954,M04,4,1954-04-01,26.860,NULL
"CUSR0000SA0      ",1954,M05,5,1954-05-01,26.930,NULL
"CUSR0000SA0      ",1954,M06,6,1954-06-01,26.940,NULL
"CUSR0000SA0      ",1954,M07,7,1954-07-01,26.860,NULL
"CUSR0000SA0      ",1954,M08,8,1954-08-01,26.850,NULL
"CUSR0000SA0      ",1954,M09,9,1954-09-01,26.810,NULL
"CUSR0000SA0      ",1954,M10,10,1954-10-01,26.720,NULL
"CUSR0000SA0      ",1954,M11,11,1954-11-01,26.780,NULL
"CUSR0000SA0      ",1954,M12,12,1954-12-01,26.770,NULL
"CUSR0000SA0      ",1955,M01,1,1955-01-01,26.770,NULL
"CUSR0000SA0      ",1955,M02,2,1955-02-01,26.820,NULL
"CUSR0000SA0      ",1955,M03,3,1955-03-01,26.790,NULL
"CUSR0000SA0      ",1955,M04,4,1955-04-01,26.790,NULL
"CUSR0000SA0      ",1955,M05,5,1955-05-01,26.770,NULL
"CUSR0000SA0      ",1955,M06,6,1955-06-01,26.710,NULL
"CUSR0000SA0      ",1955,M07,7,1955-07-01,26.760,NULL
"CUSR0000SA0      ",1955,M08,8,1955-08-01,26.720,NULL
"CUSR0000SA0      ",1955,M09,9,1955-09-01,26.850,NULL
"CUSR0000SA0      ",1955,M10,10,1955-10-01,26.820,NULL
"CUSR0000SA0      ",1955,M11,11,1955-11-01,26.880,NULL
"CUSR0000SA0      ",1955,M12,12,1955-12-01,26.870,NULL
"CUSR0000SA0      ",1956,M01,1,1956-01-01,26.830,NULL
"CUSR0000SA0      ",1956,M02,2,1956-02-01,26.860,NULL
"CUSR0000SA0      ",1956,M03,3,1956-03-01,26.890,NULL
"CUSR0000SA0      ",1956,M04,4,1956-04-01,26.930,NULL
"CUSR0000SA0      ",1956,M05,5,1956-05-01,27.030,NULL
"CUSR0000SA0      ",1956,M06,6,1956-06-01,27.150,NULL
"CUSR0000SA0      ",1956,M07,7,1956-07-01,27.290,NULL
"CUSR0000SA0      ",1956,M08,8,1956-08-01,27.310,NULL
"CUSR0000SA0      ",1956,M09,9,1956-09-01,27.350,NULL
"CUSR0000SA0      ",1956,M10,10,1956-10-01,27.510,NULL
"CUSR0000SA0      ",1956,M11,11,1956-11-01,27.510,NULL
"CUSR0000SA0      ",1956,M12,12,1956-12-01,27.630,NULL
"CUSR0000SA0      ",1957,M01,1,1957-01-01,27.670,NULL
"CUSR0000SA0      ",1957,M02,2,1957-02-01,27.800,NULL
"CUSR0000SA0      ",1957,M03,3,1957-03-01,27.860,NULL
"CUSR0000SA0      ",1957,M04,4,1957-04-01,27.930,NULL
"CUSR0000SA0      ",1957,M05,5,1957-05-01,28.000,NULL
"CUSR0000SA0      ",1957,M06,6,1957-06-01,28.110,NULL
"CUSR0000SA0      ",1957,M07,7,1957-07-01,28.190,NULL
"CUSR0000SA0      ",1957,M08,8,1957-08-01,28.280,NULL
"CUSR0000SA0      ",1957,M09,9,1957-09-01,28.320,NULL
"CUSR0000SA0      ",1957,M10,10,1957-10-01,28.320,NULL
"CUSR0000SA0      ",1957,M11,11,1957-11-01,28.410,NULL
"CUSR0000SA0      ",1957,M12,12,1957-12-01,28.470,NULL
"CUSR0000SA0      ",1958,M01,1,1958-01-01,28.640,NULL
"CUSR0000SA0      ",1958,M02,2,1958-02-01,28.700,NULL
"CUSR0000SA0      ",1958,M03,3,1958-03-01,28.870,NULL
"CUSR0000SA0      ",1958,M04,4,1958-04-01,28.940,NULL
"CUSR0000SA0      ",1958,M05,5,1958-05-01,28.940,NULL
"CUSR0000SA0      ",1958,M06,6,1958-06-01,28.910,NULL
"CUSR0000SA0      ",1958,M07,7,1958-07-01,28.890,NULL
"CUSR0000SA0      ",1958,M08,8,1958-08-01,28.940,NULL
"CUSR0000SA0      ",1958,M09,9,1958-09-01,28.910,NULL
"CUSR0000SA0      ",1958,M10,10,1958-10-01,28.910,NULL
"CUSR0000SA0      ",1958,M11,11,1958-11-01,28.950,NULL
"CUSR0000SA0      ",1958,M12,12,1958-12-01,28.970,NULL
"CUSR0000SA0      ",1959,M01,1,1959-01-01,29.010,NULL
"CUSR0000SA0      ",1959,M02,2,1959-02-01,29.000,NULL
"CUSR0000SA0      ",1959,M03,3,1959-03-01,28.970,NULL
"CUSR0000SA0      ",1959,M04,4,1959-04-01,28.980,NULL
"CUSR0000SA0      ",1959,M05,5,1959-05-01,29.040,NULL
"CUSR0000SA0      ",1959,M06,6,1959-06-01,29.110,NULL
"CUSR0000SA0      ",1959,M07,7,1959-07-01,29.150,NULL
"CUSR0000SA0      ",1959,M08,8,1959-08-01,29.180,NULL
"CUSR0000SA0      ",1959,M09,9,1959-09-01,29.250,NULL
"CUSR0000SA0      ",1959,M10,10,1959-10-01,29.350,NULL
"CUSR0000SA0      ",1959,M11,11,1959-11-01,29.350,NULL
"CUSR0000SA0      ",1959,M12,12,1959-12-01,29.410,NULL
"CUSR0000SA0      ",1960,M01,1,1960-01-01,29.370,NULL
"CUSR0000SA0      ",1960,M02,2,1960-02-01,29.410,NULL
"CUSR0000SA0      ",1960,M03,3,1960-03-01,29.410,NULL
"CUSR0000SA0      ",1960,M04,4,1960-04-01,29.540,NULL
"CUSR0000SA0      ",1960,M05,5,1960-05-01,29.570,NULL
"CUSR0000SA0      ",1960,M06,6,1960-06-01,29.610,NULL
"CUSR0000SA0      ",1960,M07,7,1960-07-01,29.550,NULL
"CUSR0000SA0      ",1960,M08,8,1960-08-01,29.610,NULL
"CUSR0000SA0      ",1960,M09,9,1960-09-01,29.610,NULL
"CUSR0000SA0      ",1960,M10,10,1960-10-01,29.750,NULL
"CUSR0000SA0      ",1960,M11,11,1960-11-01,29.780,NULL
"CUSR0000SA0      ",1960,M12,12,1960-12-01,29.810,NULL
"CUSR0000SA0      ",1961,M01,1,1961-01-01,29.840,NULL
"CUSR0000SA0      ",1961,M02,2,1961-02-01,29.840,NULL
"CUSR0000SA0      ",1961,M03,3,1961-03-01,29.840,NULL
"CUSR0000SA0      ",1961,M04,4,1961-04-01,29.810,NULL
"CUSR0000SA0      ",1961,M05,5,1961-05-01,29.840,NULL
"CUSR0000SA0      ",1961,M06,6,1961-06-01,29.840,NULL
"CUSR0000SA0      ",1961,M07,7,1961-07-01,29.920,NULL
"CUSR0000SA0      ",1961,M08,8,1961-08-01,29.940,NULL
"CUSR0000SA0      ",1961,M09,9,1961-09-01,29.980,NULL
"CUSR0000SA0      ",1961,M10,10,1961-10-01,29.980,NULL
"CUSR0000SA0      ",1961,M11,11,1961-11-01,29.980,NULL
"CUSR0000SA0      ",1961,M12,12,1961-12-01,30.010,NULL
"CUSR0000SA0      ",1962,M01,1,1962-01-01,30.040,NULL
"CUSR0000SA0      ",1962,M02,2,1962-02-01,30.110,NULL
"CUSR0000SA0      ",1962,M03,3,1962-03-01,30.170,NULL
"CUSR0000SA0      ",1962,M04,4,1962-04-01,30.210,NULL
"CUSR0000SA0      ",1962,M05,5,1962-05-01,30.240,NULL
"CUSR0000SA0      ",1962,M06,6,1962-06-01,30.210,NULL
"CUSR0000SA0      ",1962,M07,7,1962-07-01,30.220,NULL
"CUSR0000SA0      ",1962,M08,8,1962-08-01,30.280,NULL
"CUSR0000SA0      ",1962,M09,9,1962-09-01,30.420,NULL
"CUSR0000SA0      ",1962,M10,10,1962-10-01,30.380,NULL
"CUSR0000SA0      ",1962,M11,11,1962-11-01,30.380,NULL
"CUSR0000SA0      ",1962,M12,12,1962-12-01,30.380,NULL
"CUSR0000SA0      ",1963,M01,1,1963-01-01,30.440,NULL
"CUSR0000SA0      ",1963,M02,2,1963-02-01,30.480,NULL
"CUSR0000SA0      ",1963,M03,3,1963-03-01,30.510,NULL
"CUSR0000SA0      ",1963,M04,4,1963-04-01,30.480,NULL
"CUSR0000SA0      ",1963,M05,5,1963-05-01,30.510,NULL
"CUSR0000SA0      ",1963,M06,6,1963-06-01,30.610,NULL
"CUSR0000SA0      ",1963,M07,7,1963-07-01,30.690,NULL
"CUSR0000SA0      ",1963,M08,8,1963-08-01,30.750,NULL
"CUSR0000SA0      ",1963,M09,9,1963-09-01,30.720,NULL
"CUSR0000SA0      ",1963,M10,10,1963-10-01,30.750,NULL
"CUSR0000SA0      ",1963,M11,11,1963-11-01,30.780,NULL
"CUSR0000SA0      ",1963,M12,12,1963-12-01,30.880,NULL
"CUSR0000SA0      ",1964,M01,1,1964-01-01,30.940,NULL
"CUSR0000SA0      ",1964,M02,2,1964-02-01,30.910,NULL
"CUSR0000SA0      ",1964,M03,3,1964-03-01,30.940,NULL
"CUSR0000SA0      ",1964,M04,4,1964-04-01,30.950,NULL
"CUSR0000SA0      ",1964,M05,5,1964-05-01,30.980,NULL
"CUSR0000SA0      ",1964,M06,6,1964-06-01,31.010,NULL
"CUSR0000SA0      ",1964,M07,7,1964-07-01,31.020,NULL
"CUSR0000SA0      ",1964,M08,8,1964-08-01,31.050,NULL
"CUSR0000SA0      ",1964,M09,9,1964-09-01,31.080,NULL
"CUSR0000SA0      ",1964,M10,10,1964-10-01,31.120,NULL
"CUSR0000SA0      ",1964,M11,11,1964-11-01,31.210,NULL
"CUSR0000SA0      ",1964,M12,12,1964-12-01,31.250,NULL
"CUSR0000SA0      ",1965,M01,1,1965-01-01,31.280,NULL
"CUSR0000SA0      ",1965,M02,2,1965-02-01,31.280,NULL
"CUSR0000SA0      ",1965,M03,3,1965-03-01,31.310,NULL
"CUSR0000SA0      ",1965,M04,4,1965-04-01,31.380,NULL
"CUSR0000SA0      ",1965,M05,5,1965-05-01,31.480,NULL
"CUSR0000SA0      ",1965,M06,6,1965-06-01,31.610,NULL
"CUSR0000SA0      ",1965,M07,7,1965-07-01,31.580,NULL
"CUSR0000SA0      ",1965,M08,8,1965-08-01,31.550,NULL
"CUSR0000SA0      ",1965,M09,9,1965-09-01,31.620,NULL
"CUSR0000SA0      ",1965,M10,10,1965-10-01,31.650,NULL
"CUSR0000SA0      ",1965,M11,11,1965-11-01,31.750,NULL
"CUSR0000SA0      ",1965,M12,12,1965-12-01,31.850,NULL
"CUSR0000SA0      ",1966,M01,1,1966-01-01,31.880,NULL
"CUSR0000SA0      ",1966,M02,2,1966-02-01,32.080,NULL
"CUSR0000SA0      ",1966,M03,3,1966-03-01,32.180,NULL
"CUSR0000SA0      ",1966,M04,4,1966-04-01,32.280,NULL
"CUSR0000SA0      ",1966,M05,5,1966-05-01,32.350,NULL
"CUSR0000SA0      ",1966,M06,6,1966-06-01,32.380,NULL
"CUSR0000SA0      ",1966,M07,7,1966-07-01,32.450,NULL
"CUSR0000SA0      ",1966,M08,8,1966-08-01,32.650,NULL
"CUSR0000SA0      ",1966,M09,9,1966-09-01,32.750,NULL
"CUSR0000SA0      ",1966,M10,10,1966-10-01,32.850,NULL
"CUSR0000SA0      ",1966,M11,11,1966-11-01,32.880,NULL
"CUSR0000SA0      ",1966,M12,12,1966-12-01,32.920,NULL
"CUSR0000SA0      ",1967,M01,1,1967-01-01,32.900,NULL
"CUSR0000SA0      ",1967,M02,2,1967-02-01,33.000,NULL
"CUSR0000SA0      ",1967,M03,3,1967-03-01,33.000,NULL
"CUSR0000SA0      ",1967,M04,4,1967-04-01,33.100,NULL
"CUSR0000SA0      ",1967,M05,5,1967-05-01,33.100,NULL
"CUSR0000SA0      ",1967,M06,6,1967-06-01,33.300,NULL
"CUSR0000SA0      ",1967,M07,7,1967-07-01,33.400,NULL
"CUSR0000SA0      ",1967,M08,8,1967-08-01,33.500,NULL
"CUSR0000SA0      ",1967,M09,9,1967-09-01,33.600,NULL
"CUSR0000SA0      ",1967,M10,10,1967-10-01,33.700,NULL
"CUSR0000SA0      ",1967,M11,11,1967-11-01,33.900,NULL
"CUSR0000SA0      ",1967,M12,12,1967-12-01,34.000,NULL
"CUSR0000SA0      ",1968,M01,1,1968-01-01,34.100,NULL
"CUSR0000SA0      ",1968,M02,2,1968-02-01,34.200,NULL
"CUSR0000SA0      ",1968,M03,3,1968-03-01,34.300,NULL
"CUSR0000SA0      ",1968,M04,4,1968-04-01,34.400,NULL
"CUSR0000SA0      ",1968,M05,5,1968-05-01,34.500,NULL
"CUSR0000SA0      ",1968,M06,6,1968-06-01,34.700,NULL
"CUSR0000SA0      ",1968,M07,7,1968-07-01,34.900,NULL
"CUSR0000SA0      ",1968,M08,8,1968-08-01,35.000,NULL
"CUSR0000SA0      ",1968,M09,9,1968-09-01,35.100,NULL
"CUSR0000SA0      ",1968,M10,10,1968-10-01,35.300,NULL
"CUSR0000SA0      ",1968,M11,11,1968-11-01,35.400,NULL
"CUSR0000SA0      ",1968,M12,12,1968-12-01,35.600,NULL
"CUSR0000SA0      ",1969,M01,1,1969-01-01,35.700,NULL
"CUSR0000SA0      ",1969,M02,2,1969-02-01,35.800,NULL
"CUSR0000SA0      ",1969,M03,3,1969-03-01,36.100,NULL
"CUSR0000SA0      ",1969,M04,4,1969-04-01,36.300,NULL
"CUSR0000SA0      ",1969,M05,5,1969-05-01,36.400,NULL
"CUSR0000SA0      ",1969,M06,6,1969-06-01,36.600,NULL
"CUSR0000SA0      ",1969,M07,7,1969-07-01,36.800,NULL
"CUSR0000SA0      ",1969,M08,8,1969-08-01,36.900,NULL
"CUSR0000SA0      ",1969,M09,9,1969-09-01,37.100,NULL
"CUSR0000SA0      ",1969,M10,10,1969-10-01,37.300,NULL
"CUSR0000SA0      ",1969,M11,11,1969-11-01,37.500,NULL
"CUSR0000SA0      ",1969,M12,12,1969-12-01,37.700,NULL
"CUSR0000SA0      ",1970,M01,1,1970-01-01,37.900,NULL
"CUSR0000SA0      ",1970,M02,2,1970-02-01,38.100,NULL
"CUSR0000SA0      ",1970,M03,3,1970-03-01,38.300,NULL
"CUSR0000SA0      ",1970,M04,4,1970-04-01,38.500,NULL
"CUSR0000SA0      ",1970,M05,5,1970-05-01,38.600,NULL
"CUSR0000SA0      ",1970,M06,6,1970-06-01,38.800,NULL
"CUSR0000SA0      ",1970,M07,7,1970-07-01,38.900,NULL
"CUSR0000SA0      ",1970,M08,8,1970-08-01,39.000,NULL
"CUSR0000SA0      ",1970,M09,9,1970-09-01,39.200,NULL
"CUSR0000SA0      ",1970,M10,10,1970-10-01,39.400,NULL
"CUSR0000SA0      ",1970,M11,11,1970-11-01,39.600,NULL
"CUSR0000SA0      ",1970,M12,12,1970-12-01,39.800,NULL
"CUSR0000SA0      ",1971,M01,1,1971-01-01,39.900,NULL
"CUSR0000SA0      ",1971,M02,2,1971-02-01,39.900,NULL
"CUSR0000SA0      ",1971,M03,3,1971-03-01,40.000,NULL
"CUSR0000SA0      ",1971,M04,4,1971-04-01,40.100,NULL
"CUSR0000SA0      ",1971,M05,5,1971-05-01,40.300,NULL
"CUSR0000SA0      ",1971,M06,6,1971-06-01,40.500,NULL
"CUSR0000SA0      ",1971,M07,7,1971-07-01,40.600,NULL
"CUSR0000SA0      ",1971,M08,8,1971-08-01,40.700,NULL
"CUSR0000SA0      ",1971,M09,9,1971-09-01,40.800,NULL
"CUSR0000SA0      ",1971,M10,10,1971-10-01,40.900,NULL
"CUSR0000SA0      ",1971,M11,11,1971-11-01,41.000,NULL
"CUSR0000SA0      ",1971,M12,12,1971-12-01,41.100,NULL
"CUSR0000SA0      ",1972,M01,1,1972-01-01,41.200,NULL
"CUSR0000SA0      ",1972,M02,2,1972-02-01,41.400,NULL
"CUSR0000SA0      ",1972,M03,3,1972-03-01,41.400,NULL
"CUSR0000SA0      ",1972,M04,4,1972-04-01,41.500,NULL
"CUSR0000SA0      ",1972,M05,5,1972-05-01,41.600,NULL
"CUSR0000SA0      ",1972,M06,6,1972-06-01,41.700,NULL
"CUSR0000SA0      ",1972,M07,7,1972-07-01,41.800,NULL
"CUSR0000SA0      ",1972,M08,8,1972-08-01,41.900,NULL
"CUSR0000SA0      ",1972,M09,9,1972-09-01,42.100,NULL
"CUSR0000SA0      ",1972,M10,10,1972-10-01,42.200,NULL
"CUSR0000SA0      ",1972,M11,11,1972-11-01,42.400,NULL
"CUSR0000SA0      ",1972,M12,12,1972-12-01,42.500,NULL
"CUSR0000SA0      ",1973,M01,1,1973-01-01,42.700,NULL
"CUSR0000SA0      ",1973,M02,2,1973-02-01,43.000,NULL
"CUSR0000SA0      ",1973,M03,3,1973-03-01,43.400,NULL
"CUSR0000SA0      ",1973,M04,4,1973-04-01,43.700,NULL
"CUSR0000SA0      ",1973,M05,5,1973-05-01,43.900,NULL
"CUSR0000SA0      ",1973,M06,6,1973-06-01,44.200,NULL
"CUSR0000SA0      ",1973,M07,7,1973-07-01,44.200,NULL
"CUSR0000SA0      ",1973,M08,8,1973-08-01,45.000,NULL
"CUSR0000SA0      ",1973,M09,9,1973-09-01,45.200,NULL
"CUSR0000SA0      ",1973,M10,10,1973-10-01,45.600,NULL
"CUSR0000SA0      ",1973,M11,11,1973-11-01,45.900,NULL
"CUSR0000SA0      ",1973,M12,12,1973-12-01,46.300,NULL
"CUSR0000SA0      ",1974,M01,1,1974-01-01,46.800,NULL
"CUSR0000SA0      ",1974,M02,2,1974-02-01,47.300,NULL
"CUSR0000SA0      ",1974,M03,3,1974-03-01,47.800,NULL
"CUSR0000SA0      ",1974,M04,4,1974-04-01,48.100,NULL
"CUSR0000SA0      ",1974,M05,5,1974-05-01,48.600,NULL
"CUSR0000SA0      ",1974,M06,6,1974-06-01,49.000,NULL
"CUSR0000SA0      ",1974,M07,7,1974-07-01,49.300,NULL
"CUSR0000SA0      ",1974,M08,8,1974-08-01,49.900,NULL
"CUSR0000SA0      ",1974,M09,9,1974-09-01,50.600,NULL
"CUSR0000SA0      ",1974,M10,10,1974-10-01,51.000,NULL
"CUSR0000SA0      ",1974,M11,11,1974-11-01,51.500,NULL
"CUSR0000SA0      ",1974,M12,12,1974-12-01,51.900,NULL
"CUSR0000SA0      ",1975,M01,1,1975-01-01,52.300,NULL
"CUSR0000SA0      ",1975,M02,2,1975-02-01,52.600,NULL
"CUSR0000SA0      ",1975,M03,3,1975-03-01,52.800,NULL
"CUSR0000SA0      ",1975,M04,4,1975-04-01,53.000,NULL
"CUSR0000SA0      ",1975,M05,5,1975-05-01,53.100,NULL
"CUSR0000SA0      ",1975,M06,6,1975-06-01,53.500,NULL
"CUSR0000SA0      ",1975,M07,7,1975-07-01,54.000,NULL
"CUSR0000SA0      ",1975,M08,8,1975-08-01,54.200,NULL
"CUSR0000SA0      ",1975,M09,9,1975-09-01,54.600,NULL
"CUSR0000SA0      ",1975,M10,10,1975-10-01,54.900,NULL
"CUSR0000SA0      ",1975,M11,11,1975-11-01,55.300,NULL
"CUSR0000SA0      ",1975,M12,12,1975-12-01,55.600,NULL
"CUSR0000SA0      ",1976,M01,1,1976-01-01,55.800,NULL
"CUSR0000SA0      ",1976,M02,2,1976-02-01,55.900,NULL
"CUSR0000SA0      ",1976,M03,3,1976-03-01,56.000,NULL
"CUSR0000SA0      ",1976,M04,4,1976-04-01,56.100,NULL
"CUSR0000SA0      ",1976,M05,5,1976-05-01,56.400,NULL
"CUSR0000SA0      ",1976,M06,6,1976-06-01,56.700,NULL
"CUSR0000SA0      ",1976,M07,7,1976-07-01,57.000,NULL
"CUSR0000SA0      ",1976,M08,8,1976-08-01,57.300,NULL
"CUSR0000SA0      ",1976,M09,9,1976-09-01,57.600,NULL
"CUSR0000SA0      ",1976,M10,10,1976-10-01,57.900,NULL
"CUSR0000SA0      ",1976,M11,11,1976-11-01,58.100,NULL
"CUSR0000SA0      ",1976,M12,12,1976-12-01,58.400,NULL
"CUSR0000SA0      ",1977,M01,1,1977-01-01,58.700,NULL
"CUSR0000SA0      ",1977,M02,2,1977-02-01,59.300,NULL
"CUSR0000SA0      ",1977,M03,3,1977-03-01,59.600,NULL
"CUSR0000SA0      ",1977,M04,4,1977-04-01,60.000,NULL
"CUSR0000SA0      ",1977,M05,5,1977-05-01,60.200,NULL
"CUSR0000SA0      ",1977,M06,6,1977-06-01,60.500,NULL
"CUSR0000SA0      ",1977,M07,7,1977-07-01,60.800,NULL
"CUSR0000SA0      ",1977,M08,8,1977-08-01,61.100,NULL
"CUSR0000SA0      ",1977,M09,9,1977-09-01,61.300,NULL
"CUSR0000SA0      ",1977,M10,10,1977-10-01,61.600,NULL
"CUSR0000SA0      ",1977,M11,11,1977-11-01,62.000,NULL
"CUSR0000SA0      ",1977,M12,12,1977-12-01,62.300,NULL
"CUSR0000SA0      ",1978,M01,1,1978-01-01,62.700,NULL
"CUSR0000SA0      ",1978,M02,2,1978-02-01,63.000,NULL
"CUSR0000SA0      ",1978,M03,3,1978-03-01,63.400,NULL
"CUSR0000SA0      ",1978,M04,4,1978-04-01,63.900,NULL
"CUSR0000SA0      ",1978,M05,5,1978-05-01,64.500,NULL
"CUSR0000SA0      ",1978,M06,6,1978-06-01,65.000,NULL
"CUSR0000SA0      ",1978,M07,7,1978-07-01,65.500,NULL
"CUSR0000SA0      ",1978,M08,8,1978-08-01,65.900,NULL
"CUSR0000SA0      ",1978,M09,9,1978-09-01,66.500,NULL
"CUSR0000SA0      ",1978,M10,10,1978-10-01,67.100,NULL
"CUSR0000SA0      ",1978,M11,11,1978-11-01,67.500,NULL
"CUSR0000SA0      ",1978,M12,12,1978-12-01,67.900,NULL
"CUSR0000SA0      ",1979,M01,1,1979-01-01,68.500,NULL
"CUSR0000SA0      ",1979,M02,2,1979-02-01,69.200,NULL
"CUSR0000SA0      ",1979,M03,3,1979-03-01,69.900,NULL
"CUSR0000SA0      ",1979,M04,4,1979-04-01,70.600,NULL
"CUSR0000SA0      ",1979,M05,5,1979-05-01,71.400,NULL
"CUSR0000SA0      ",1979,M06,6,1979-06-01,72.200,NULL
"CUSR0000SA0      ",1979,M07,7,1979-07-01,73.000,NULL
"CUSR0000SA0      ",1979,M08,8,1979-08-01,73.700,NULL
"CUSR0000SA0      ",1979,M09,9,1979-09-01,74.400,NULL
"CUSR0000SA0      ",1979,M10,10,1979-10-01,75.200,NULL
"CUSR0000SA0      ",1979,M11,11,1979-11-01,76.000,NULL
"CUSR0000SA0      ",1979,M12,12,1979-12-01,76.900,NULL
"CUSR0000SA0      ",1980,M01,1,1980-01-01,78.000,NULL
"CUSR0000SA0      ",1980,M02,2,1980-02-01,79.000,NULL
"CUSR0000SA0      ",1980,M03,3,1980-03-01,80.100,NULL
"CUSR0000SA0      ",1980,M04,4,1980-04-01,80.900,NULL
"CUSR0000SA0      ",1980,M05,5,1980-05-01,81.700,NULL
"CUSR0000SA0      ",1980,M06,6,1980-06-01,82.500,NULL
"CUSR0000SA0      ",1980,M07,7,1980-07-01,82.600,NULL
"CUSR0000SA0      ",1980,M08,8,1980-08-01,83.200,NULL
"CUSR0000SA0      ",1980,M09,9,1980-09-01,83.900,NULL
"CUSR0000SA0      ",1980,M10,10,1980-10-01,84.700,NULL
"CUSR0000SA0      ",1980,M11,11,1980-11-01,85.600,NULL
"CUSR0000SA0      ",1980,M12,12,1980-12-01,86.400,NULL
"CUSR0000SA0      ",1981,M01,1,1981-01-01,87.200,NULL
"CUSR0000SA0      ",1981,M02,2,1981-02-01,88.000,NULL
"CUSR0000SA0      ",1981,M03,3,1981-03-01,88.600,NULL
"CUSR0000SA0      ",1981,M04,4,1981-04-01,89.100,NULL
"CUSR0000SA0      ",1981,M05,5,1981-05-01,89.700,NULL
"CUSR0000SA0      ",1981,M06,6,1981-06-01,90.500,NULL
"CUSR0000SA0      ",1981,M07,7,1981-07-01,91.500,NULL
"CUSR0000SA0      ",1981,M08,8,1981-08-01,92.200,NULL
"CUSR0000SA0      ",1981,M09,9,1981-09-01,93.100,NULL
"CUSR0000SA0      ",1981,M10,10,1981-10-01,93.400,NULL
"CUSR0000SA0      ",1981,M11,11,1981-11-01,93.800,NULL
"CUSR0000SA0      ",1981,M12,12,1981-12-01,94.100,NULL
"CUSR0000SA0      ",1982,M01,1,1982-01-01,94.400,NULL
"CUSR0000SA0      ",1982,M02,2,1982-02-01,94.700,NULL
"CUSR0000SA0      ",1982,M03,3,1982-03-01,94.700,NULL
"CUSR0000SA0      ",1982,M04,4,1982-04-01,95.000,NULL
"CUSR0000SA0      ",1982,M05,5,1982-05-01,95.900,NULL
"CUSR0000SA0      ",1982,M06,6,1982-06-01,97.000,NULL
"CUSR0000SA0      ",1982,M07,7,1982-07-01,97.500,NULL
"CUSR0000SA0      ",1982,M08,8,1982-08-01,97.700,NULL
"CUSR0000SA0      ",1982,M09,9,1982-09-01,97.700,NULL
"CUSR0000SA0      ",1982,M10,10,1982-10-01,98.100,NULL
"CUSR0000SA0      ",1982,M11,11,1982-11-01,98.000,NULL
"CUSR0000SA0      ",1982,M12,12,1982-12-01,97.700,NULL
"CUSR0000SA0      ",1983,M01,1,1983-01-01,97.900,NULL
"CUSR0000SA0      ",1983,M02,2,1983-02-01,98.000,NULL
"CUSR0000SA0      ",1983,M03,3,1983-03-01,98.100,NULL
"CUSR0000SA0      ",1983,M04,4,1983-04-01,98.800,NULL
"CUSR0000SA0      ",1983,M05,5,1983-05-01,99.200,NULL
"CUSR0000SA0      ",1983,M06,6,1983-06-01,99.400,NULL
"CUSR0000SA0      ",1983,M07,7,1983-07-01,99.800,NULL
"CUSR0000SA0      ",1983,M08,8,1983-08-01,100.100,NULL
"CUSR0000SA0      ",1983,M09,9,1983-09-01,100.400,NULL
"CUSR0000SA0      ",1983,M10,10,1983-10-01,100.800,NULL
"CUSR0000SA0      ",1983,M11,11,1983-11-01,101.100,NULL
"CUSR0000SA0      ",1983,M12,12,1983-12-01,101.400,NULL
"CUSR0000SA0      ",1984,M01,1,1984-01-01,102.100,NULL
"CUSR0000SA0      ",1984,M02,2,1984-02-01,102.600,NULL
"CUSR0000SA0      ",1984,M03,3,1984-03-01,102.900,NULL
"CUSR0000SA0      ",1984,M04,4,1984-04-01,103.300,NULL
"CUSR0000SA0      ",1984,M05,5,1984-05-01,103.500,NULL
"CUSR0000SA0      ",1984,M06,6,1984-06-01,103.700,NULL
"CUSR0000SA0      ",1984,M07,7,1984-07-01,104.100,NULL
"CUSR0000SA0      ",1984,M08,8,1984-08-01,104.400,NULL
"CUSR0000SA0      ",1984,M09,9,1984-09-01,104.700,NULL
"CUSR0000SA0      ",1984,M10,10,1984-10-01,105.100,NULL
"CUSR0000SA0      ",1984,M11,11,1984-11-01,105.300,NULL
"CUSR0000SA0      ",1984,M12,12,1984-12-01,105.500,NULL
"CUSR0000SA0      ",1985,M01,1,1985-01-01,105.700,NULL
"CUSR0000SA0      ",1985,M02,2,1985-02-01,106.300,NULL
"CUSR0000SA0      ",1985,M03,3,1985-03-01,106.800,NULL
"CUSR0000SA0      ",1985,M04,4,1985-04-01,107.000,NULL
"CUSR0000SA0      ",1985,M05,5,1985-05-01,107.200,NULL
"CUSR0000SA0      ",1985,M06,6,1985-06-01,107.500,NULL
"CUSR0000SA0      ",1985,M07,7,1985-07-01,107.700,NULL
"CUSR0000SA0      ",1985,M08,8,1985-08-01,107.900,NULL
"CUSR0000SA0      ",1985,M09,9,1985-09-01,108.100,NULL
"CUSR0000SA0      ",1985,M10,10,1985-10-01,108.500,NULL
"CUSR0000SA0      ",1985,M11,11,1985-11-01,109.000,NULL
"CUSR0000SA0      ",1985,M12,12,1985-12-01,109.500,NULL
"CUSR0000SA0      ",1986,M01,1,1986-01-01,109.900,NULL
"CUSR0000SA0      ",1986,M02,2,1986-02-01,109.700,NULL
"CUSR0000SA0      ",1986,M03,3,1986-03-01,109.100,NULL
"CUSR0000SA0      ",1986,M04,4,1986-04-01,108.700,NULL
"CUSR0000SA0      ",1986,M05,5,1986-05-01,109.000,NULL
"CUSR0000SA0      ",1986,M06,6,1986-06-01,109.400,NULL
"CUSR0000SA0      ",1986,M07,7,1986-07-01,109.500,NULL
"CUSR0000SA0      ",1986,M08,8,1986-08-01,109.600,NULL
"CUSR0000SA0      ",1986,M09,9,1986-09-01,110.000,NULL
"CUSR0000SA0      ",1986,M10,10,1986-10-01,110.200,NULL
"CUSR0000SA0      ",1986,M11,11,1986-11-01,110.400,NULL
"CUSR0000SA0      ",1986,M12,12,1986-12-01,110.800,NULL
"CUSR0000SA0      ",1987,M01,1,1987-01-01,111.400,NULL
"CUSR0000SA0      ",1987,M02,2,1987-02-01,111.800,NULL
"CUSR0000SA0      ",1987,M03,3,1987-03-01,112.200,NULL
"CUSR0000SA0      ",1987,M04,4,1987-04-01,112.700,NULL
"CUSR0000SA0      ",1987,M05,5,1987-05-01,113.000,NULL
"CUSR0000SA0      ",1987,M06,6,1987-06-01,113.500,NULL
"CUSR0000SA0      ",1987,M07,7,1987-07-01,113.800,NULL
"CUSR0000SA0      ",1987,M08,8,1987-08-01,114.300,NULL
"CUSR0000SA0      ",1987,M09,9,1987-09-01,114.700,NULL
"CUSR0000SA0      ",1987,M10,10,1987-10-01,115.000,NULL
"CUSR0000SA0      ",1987,M11,11,1987-11-01,115.400,NULL
"CUSR0000SA0      ",1987,M12,12,1987-12-01,115.600,NULL
"CUSR0000SA0      ",1988,M01,1,1988-01-01,116.000,NULL
"CUSR0000SA0      ",1988,M02,2,1988-02-01,116.200,NULL
"CUSR0000SA0      ",1988,M03,3,1988-03-01,116.500,NULL
"CUSR0000SA0      ",1988,M04,4,1988-04-01,117.200,NULL
"CUSR0000SA0      ",1988,M05,5,1988-05-01,117.500,NULL
"CUSR0000SA0      ",1988,M06,6,1988-06-01,118.000,NULL
"CUSR0000SA0      ",1988,M07,7,1988-07-01,118.500,NULL
"CUSR0000SA0      ",1988,M08,8,1988-08-01,119.000,NULL
"CUSR0000SA0      ",1988,M09,9,1988-09-01,119.500,NULL
"CUSR0000SA0      ",1988,M10,10,1988-10-01,119.900,NULL
"CUSR0000SA0      ",1988,M11,11,1988-11-01,120.300,NULL
"CUSR0000SA0      ",1988,M12,12,1988-12-01,120.700,NULL
"CUSR0000SA0      ",1989,M01,1,1989-01-01,121.200,NULL
"CUSR0000SA0      ",1989,M02,2,1989-02-01,121.600,NULL
"CUSR0000SA0      ",1989,M03,3,1989-03-01,122.200,NULL
"CUSR0000SA0      ",1989,M04,4,1989-04-01,123.100,NULL
"CUSR0000SA0      ",1989,M05,5,1989-05-01,123.700,NULL
"CUSR0000SA0      ",1989,M06,6,1989-06-01,124.100,NULL
"CUSR0000SA0      ",1989,M07,7,1989-07-01,124.500,NULL
"CUSR0000SA0      ",1989,M08,8,1989-08-01,124.500,NULL
"CUSR0000SA0      ",1989,M09,9,1989-09-01,124.800,NULL
"CUSR0000SA0      ",1989,M10,10,1989-10-01,125.400,NULL
"CUSR0000SA0      ",1989,M11,11,1989-11-01,125.900,NULL
"CUSR0000SA0      ",1989,M12,12,1989-12-01,126.300,NULL
"CUSR0000SA0      ",1990,M01,1,1990-01-01,127.500,NULL
"CUSR0000SA0      ",1990,M02,2,1990-02-01,128.000,NULL
"CUSR0000SA0      ",1990,M03,3,1990-03-01,128.600,NULL
"CUSR0000SA0      ",1990,M04,4,1990-04-01,128.900,NULL
"CUSR0000SA0      ",1990,M05,5,1990-05-01,129.100,NULL
"CUSR0000SA0      ",1990,M06,6,1990-06-01,129.900,NULL
"CUSR0000SA0      ",1990,M07,7,1990-07-01,130.500,NULL
"CUSR0000SA0      ",1990,M08,8,1990-08-01,131.600,NULL
"CUSR0000SA0      ",1990,M09,9,1990-09-01,132.500,NULL
"CUSR0000SA0      ",1990,M10,10,1990-10-01,133.400,NULL
"CUSR0000SA0      ",1990,M11,11,1990-11-01,133.700,NULL
"CUSR0000SA0      ",1990,M12,12,1990-12-01,134.200,NULL
"CUSR0000SA0      ",1991,M01,1,1991-01-01,134.700,NULL
"CUSR0000SA0      ",1991,M02,2,1991-02-01,134.800,NULL
"CUSR0000SA0      ",1991,M03,3,1991-03-01,134.800,NULL
"CUSR0000SA0      ",1991,M04,4,1991-04-01,135.100,NULL
"CUSR0000SA0      ",1991,M05,5,1991-05-01,135.600,NULL
"CUSR0000SA0      ",1991,M06,6,1991-06-01,136.000,NULL
"CUSR0000SA0      ",1991,M07,7,1991-07-01,136.200,NULL
"CUSR0000SA0      ",1991,M08,8,1991-08-01,136.600,NULL
"CUSR0000SA0      ",1991,M09,9,1991-09-01,137.000,NULL
"CUSR0000SA0      ",1991,M10,10,1991-10-01,137.200,NULL
"CUSR0000SA0      ",1991,M11,11,1991-11-01,137.800,NULL
"CUSR0000SA0      ",1991,M12,12,1991-12-01,138.200,NULL
"CUSR0000SA0      ",1992,M01,1,1992-01-01,138.300,NULL
"CUSR0000SA0      ",1992,M02,2,1992-02-01,138.600,NULL
"CUSR0000SA0      ",1992,M03,3,1992-03-01,139.100,NULL
"CUSR0000SA0      ",1992,M04,4,1992-04-01,139.400,NULL
"CUSR0000SA0      ",1992,M05,5,1992-05-01,139.700,NULL
"CUSR0000SA0      ",1992,M06,6,1992-06-01,140.100,NULL
"CUSR0000SA0      ",1992,M07,7,1992-07-01,140.500,NULL
"CUSR0000SA0      ",1992,M08,8,1992-08-01,140.800,NULL
"CUSR0000SA0      ",1992,M09,9,1992-09-01,141.100,NULL
"CUSR0000SA0      ",1992,M10,10,1992-10-01,141.700,NULL
"CUSR0000SA0      ",1992,M11,11,1992-11-01,142.100,NULL
"CUSR0000SA0      ",1992,M12,12,1992-12-01,142.300,NULL
"CUSR0000SA0      ",1993,M01,1,1993-01-01,142.800,NULL
"CUSR0000SA0      ",1993,M02,2,1993-02-01,143.100,NULL
"CUSR0000SA0      ",1993,M03,3,1993-03-01,143.300,NULL
"CUSR0000SA0      ",1993,M04,4,1993-04-01,143.800,NULL
"CUSR0000SA0      ",1993,M05,5,1993-05-01,144.200,NULL
"CUSR0000SA0      ",1993,M06,6,1993-06-01,144.300,NULL
"CUSR0000SA0      ",1993,M07,7,1993-07-01,144.500,NULL
"CUSR0000SA0      ",1993,M08,8,1993-08-01,144.800,NULL
"CUSR0000SA0      ",1993,M09,9,1993-09-01,145.000,NULL
"CUSR0000SA0      ",1993,M10,10,1993-10-01,145.600,NULL
"CUSR0000SA0      ",1993,M11,11,1993-11-01,146.000,NULL
"CUSR0000SA0      ",1993,M12,12,1993-12-01,146.300,NULL
"CUSR0000SA0      ",1994,M01,1,1994-01-01,146.300,NULL
"CUSR0000SA0      ",1994,M02,2,1994-02-01,146.700,NULL
"CUSR0000SA0      ",1994,M03,3,1994-03-01,147.100,NULL
"CUSR0000SA0      ",1994,M04,4,1994-04-01,147.200,NULL
"CUSR0000SA0      ",1994,M05,5,1994-05-01,147.500,NULL
"CUSR0000SA0      ",1994,M06,6,1994-06-01,147.900,NULL
"CUSR0000SA0      ",1994,M07,7,1994-07-01,148.400,NULL
"CUSR0000SA0      ",1994,M08,8,1994-08-01,149.000,NULL
"CUSR0000SA0      ",1994,M09,9,1994-09-01,149.300,NULL
"CUSR0000SA0      ",1994,M10,10,1994-10-01,149.400,NULL
"CUSR0000SA0      ",1994,M11,11,1994-11-01,149.800,NULL
"CUSR0000SA0      ",1994,M12,12,1994-12-01,150.100,NULL
"CUSR0000SA0      ",1995,M01,1,1995-01-01,150.500,NULL
"CUSR0000SA0      ",1995,M02,2,1995-02-01,150.900,NULL
"CUSR0000SA0      ",1995,M03,3,1995-03-01,151.200,NULL
"CUSR0000SA0      ",1995,M04,4,1995-04-01,151.800,NULL
"CUSR0000SA0      ",1995,M05,5,1995-05-01,152.100,NULL
"CUSR0000SA0      ",1995,M06,6,1995-06-01,152.400,NULL
"CUSR0000SA0      ",1995,M07,7,1995-07-01,152.600,NULL
"CUSR0000SA0      ",1995,M08,8,1995-08-01,152.900,NULL
"CUSR0000SA0      ",1995,M09,9,1995-09-01,153.100,NULL
"CUSR0000SA0      ",1995,M10,10,1995-10-01,153.500,NULL
"CUSR0000SA0      ",1995,M11,11,1995-11-01,153.700,NULL
"CUSR0000SA0      ",1995,M12,12,1995-12-01,153.900,NULL
"CUSR0000SA0      ",1996,M01,1,1996-01-01,154.700,NULL
"CUSR0000SA0      ",1996,M02,2,1996-02-01,155.000,NULL
"CUSR0000SA0      ",1996,M03,3,1996-03-01,155.500,NULL
"CUSR0000SA0      ",1996,M04,4,1996-04-01,156.100,NULL
"CUSR0000SA0      ",1996,M05,5,1996-05-01,156.400,NULL
"CUSR0000SA0      ",1996,M06,6,1996-06-01,156.700,NULL
"CUSR0000SA0      ",1996,M07,7,1996-07-01,157.000,NULL
"CUSR0000SA0      ",1996,M08,8,1996-08-01,157.200,NULL
"CUSR0000SA0      ",1996,M09,9,1996-09-01,157.700,NULL
"CUSR0000SA0      ",1996,M10,10,1996-10-01,158.200,NULL
"CUSR0000SA0      ",1996,M11,11,1996-11-01,158.700,NULL
"CUSR0000SA0      ",1996,M12,12,1996-12-01,159.100,NULL
"CUSR0000SA0      ",1997,M01,1,1997-01-01,159.400,NULL
"CUSR0000SA0      ",1997,M02,2,1997-02-01,159.700,NULL
"CUSR0000SA0      ",1997,M03,3,1997-03-01,159.800,NULL
"CUSR0000SA0      ",1997,M04,4,1997-04-01,159.900,NULL
"CUSR0000SA0      ",1997,M05,5,1997-05-01,159.900,NULL
"CUSR0000SA0      ",1997,M06,6,1997-06-01,160.200,NULL
"CUSR0000SA0      ",1997,M07,7,1997-07-01,160.400,NULL
"CUSR0000SA0      ",1997,M08,8,1997-08-01,160.800,NULL
"CUSR0000SA0      ",1997,M09,9,1997-09-01,161.200,NULL
"CUSR0000SA0      ",1997,M10,10,1997-10-01,161.500,NULL
"CUSR0000SA0      ",1997,M11,11,1997-11-01,161.700,NULL
"CUSR0000SA0      ",1997,M12,12,1997-12-01,161.800,NULL
"CUSR0000SA0      ",1998,M01,1,1998-01-01,162.000,NULL
"CUSR0000SA0      ",1998,M02,2,1998-02-01,162.000,NULL
"CUSR0000SA0      ",1998,M03,3,1998-03-01,162.000,NULL
"CUSR0000SA0      ",1998,M04,4,1998-04-01,162.200,NULL
"CUSR0000SA0      ",1998,M05,5,1998-05-01,162.600,NULL
"CUSR0000SA0      ",1998,M06,6,1998-06-01,162.800,NULL
"CUSR0000SA0      ",1998,M07,7,1998-07-01,163.200,NULL
"CUSR0000SA0      ",1998,M08,8,1998-08-01,163.400,NULL
"CUSR0000SA0      ",1998,M09,9,1998-09-01,163.500,NULL
"CUSR0000SA0      ",1998,M10,10,1998-10-01,163.900,NULL
"CUSR0000SA0      ",1998,M11,11,1998-11-01,164.100,NULL
"CUSR0000SA0      ",1998,M12,12,1998-12-01,164.400,NULL
"CUSR0000SA0      ",1999,M01,1,1999-01-01,164.700,NULL
"CUSR0000SA0      ",1999,M02,2,1999-02-01,164.700,NULL
"CUSR0000SA0      ",1999,M03,3,1999-03-01,164.800,NULL
"CUSR0000SA0      ",1999,M04,4,1999-04-01,165.900,NULL
"CUSR0000SA0      ",1999,M05,5,1999-05-01,166.000,NULL
"CUSR0000SA0      ",1999,M06,6,1999-06-01,166.000,NULL
"CUSR0000SA0      ",1999,M07,7,1999-07-01,166.700,NULL
"CUSR0000SA0      ",1999,M08,8,1999-08-01,167.100,NULL
"CUSR0000SA0      ",1999,M09,9,1999-09-01,167.800,NULL
"CUSR0000SA0      ",1999,M10,10,1999-10-01,168.100,NULL
"CUSR0000SA0      ",1999,M11,11,1999-11-01,168.400,NULL
"CUSR0000SA0      ",1999,M12,12,1999-12-01,168.800,NULL
"CUSR0000SA0      ",2000,M01,1,2000-01-01,169.300,NULL
"CUSR0000SA0      ",2000,M02,2,2000-02-01,170.000,NULL
"CUSR0000SA0      ",2000,M03,3,2000-03-01,171.000,NULL
"CUSR0000SA0      ",2000,M04,4,2000-04-01,170.900,NULL
"CUSR0000SA0      ",2000,M05,5,2000-05-01,171.200,NULL
"CUSR0000SA0      ",2000,M06,6,2000-06-01,172.200,NULL
"CUSR0000SA0      ",2000,M07,7,2000-07-01,172.700,NULL
"CUSR0000SA0      ",2000,M08,8,2000-08-01,172.700,NULL
"CUSR0000SA0      ",2000,M09,9,2000-09-01,173.600,NULL
"CUSR0000SA0      ",2000,M10,10,2000-10-01,173.900,NULL
"CUSR0000SA0      ",2000,M11,11,2000-11-01,174.200,NULL
"CUSR0000SA0      ",2000,M12,12,2000-12-01,174.600,NULL
"CUSR0000SA0      ",2001,M01,1,2001-01-01,175.600,NULL
"CUSR0000SA0      ",2001,M02,2,2001-02-01,176.000,NULL
"CUSR0000SA0      ",2001,M03,3,2001-03-01,176.100,NULL
"CUSR0000SA0      ",2001,M04,4,2001-04-01,176.400,NULL
"CUSR0000SA0      ",2001,M05,5,2001-05-01,177.300,NULL
"CUSR0000SA0      ",2001,M06,6,2001-06-01,177.700,NULL
"CUSR0000SA0      ",2001,M07,7,2001-07-01,177.400,NULL
"CUSR0000SA0      ",2001,M08,8,2001-08-01,177.400,NULL
"CUSR0000SA0      ",2001,M09,9,2001-09-01,178.100,NULL
"CUSR0000SA0      ",2001,M10,10,2001-10-01,177.600,NULL
"CUSR0000SA0      ",2001,M11,11,2001-11-01,177.500,NULL
"CUSR0000SA0      ",2001,M12,12,2001-12-01,177.400,NULL
"CUSR0000SA0      ",2002,M01,1,2002-01-01,177.700,NULL
"CUSR0000SA0      ",2002,M02,2,2002-02-01,178.000,NULL
"CUSR0000SA0      ",2002,M03,3,2002-03-01,178.500,NULL
"CUSR0000SA0      ",2002,M04,4,2002-04-01,179.300,NULL
"CUSR0000SA0      ",2002,M05,5,2002-05-01,179.500,NULL
"CUSR0000SA0      ",2002,M06,6,2002-06-01,179.600,NULL
"CUSR0000SA0      ",2002,M07,7,2002-07-01,180.000,NULL
"CUSR0000SA0      ",2002,M08,8,2002-08-01,180.500,NULL
"CUSR0000SA0      ",2002,M09,9,2002-09-01,180.800,NULL
"CUSR0000SA0      ",2002,M10,10,2002-10-01,181.200,NULL
"CUSR0000SA0      ",2002,M11,11,2002-11-01,181.500,NULL
"CUSR0000SA0      ",2002,M12,12,2002-12-01,181.800,NULL
"CUSR0000SA0      ",2003,M01,1,2003-01-01,182.600,NULL
"CUSR0000SA0      ",2003,M02,2,2003-02-01,183.600,NULL
"CUSR0000SA0      ",2003,M03,3,2003-03-01,183.900,NULL
"CUSR0000SA0      ",2003,M04,4,2003-04-01,183.200,NULL
"CUSR0000SA0      ",2003,M05,5,2003-05-01,182.900,NULL
"CUSR0000SA0      ",2003,M06,6,2003-06-01,183.100,NULL
"CUSR0000SA0      ",2003,M07,7,2003-07-01,183.700,NULL
"CUSR0000SA0      ",2003,M08,8,2003-08-01,184.500,NULL
"CUSR0000SA0      ",2003,M09,9,2003-09-01,185.100,NULL
"CUSR0000SA0      ",2003,M10,10,2003-10-01,184.900,NULL
"CUSR0000SA0      ",2003,M11,11,2003-11-01,185.000,NULL
"CUSR0000SA0      ",2003,M12,12,2003-12-01,185.500,NULL
"CUSR0000SA0      ",2004,M01,1,2004-01-01,186.300,NULL
"CUSR0000SA0      ",2004,M02,2,2004-02-01,186.700,NULL
"CUSR0000SA0      ",2004,M03,3,2004-03-01,187.100,NULL
"CUSR0000SA0      ",2004,M04,4,2004-04-01,187.400,NULL
"CUSR0000SA0      ",2004,M05,5,2004-05-01,188.200,NULL
"CUSR0000SA0      ",2004,M06,6,2004-06-01,188.900,NULL
"CUSR0000SA0      ",2004,M07,7,2004-07-01,189.100,NULL
"CUSR0000SA0      ",2004,M08,8,2004-08-01,189.200,NULL
"CUSR0000SA0      ",2004,M09,9,2004-09-01,189.800,NULL
"CUSR0000SA0      ",2004,M10,10,2004-10-01,190.800,NULL
"CUSR0000SA0      ",2004,M11,11,2004-11-01,191.700,NULL
"CUSR0000SA0      ",2004,M12,12,2004-12-01,191.700,NULL
"CUSR0000SA0      ",2005,M01,1,2005-01-01,191.600,NULL
"CUSR0000SA0      ",2005,M02,2,2005-02-01,192.400,NULL
"CUSR0000SA0      ",2005,M03,3,2005-03-01,193.100,NULL
"CUSR0000SA0      ",2005,M04,4,2005-04-01,193.700,NULL
"CUSR0000SA0      ",2005,M05,5,2005-05-01,193.600,NULL
"CUSR0000SA0      ",2005,M06,6,2005-06-01,193.700,NULL
"CUSR0000SA0      ",2005,M07,7,2005-07-01,194.900,NULL
"CUSR0000SA0      ",2005,M08,8,2005-08-01,196.100,NULL
"CUSR0000SA0      ",2005,M09,9,2005-09-01,198.800,NULL
"CUSR0000SA0      ",2005,M10,10,2005-10-01,199.100,NULL
"CUSR0000SA0      ",2005,M11,11,2005-11-01,198.100,NULL
"CUSR0000SA0      ",2005,M12,12,2005-12-01,198.100,NULL
"CUSR0000SA0      ",2006,M01,1,2006-01-01,199.300,NULL
"CUSR0000SA0      ",2006,M02,2,2006-02-01,199.400,NULL
"CUSR0000SA0      ",2006,M03,3,2006-03-01,199.700,NULL
"CUSR0000SA0      ",2006,M04,4,2006-04-01,200.700,NULL
"CUSR0000SA0      ",2006,M05,5,2006-05-01,201.300,NULL
"CUSR0000SA0      ",2006,M06,6,2006-06-01,201.800,NULL
"CUSR0000SA0      ",2006,M07,7,2006-07-01,202.900,NULL
"CUSR0000SA0      ",2006,M08,8,2006-08-01,203.800,NULL
"CUSR0000SA0      ",2006,M09,9,2006-09-01,202.800,NULL
"CUSR0000SA0      ",2006,M10,10,2006-10-01,201.900,NULL
"CUSR0000SA0      ",2006,M11,11,2006-11-01,202.000,NULL
"CUSR0000SA0      ",2006,M12,12,2006-12-01,203.100,NULL
"CUSR0000SA0      ",2007,M01,1,2007-01-01,203.437,NULL
"CUSR0000SA0      ",2007,M02,2,2007-02-01,204.226,NULL
"CUSR0000SA0      ",2007,M03,3,2007-03-01,205.288,NULL
"CUSR0000SA0      ",2007,M04,4,2007-04-01,205.904,NULL
"CUSR0000SA0      ",2007,M05,5,2007-05-01,206.755,NULL
"CUSR0000SA0      ",2007,M06,6,2007-06-01,207.234,NULL
"CUSR0000SA0      ",2007,M07,7,2007-07-01,207.603,NULL
"CUSR0000SA0      ",2007,M08,8,2007-08-01,207.667,NULL
"CUSR0000SA0      ",2007,M09,9,2007-09-01,208.547,NULL
"CUSR0000SA0      ",2007,M10,10,2007-10-01,209.190,NULL
"CUSR0000SA0      ",2007,M11,11,2007-11-01,210.834,NULL
"CUSR0000SA0      ",2007,M12,12,2007-12-01,211.445,NULL
"CUSR0000SA0      ",2008,M01,1,2008-01-01,212.174,NULL
"CUSR0000SA0      ",2008,M02,2,2008-02-01,212.687,NULL
"CUSR0000SA0      ",2008,M03,3,2008-03-01,213.448,NULL
"CUSR0000SA0      ",2008,M04,4,2008-04-01,213.942,NULL
"CUSR0000SA0      ",2008,M05,5,2008-05-01,215.208,NULL
"CUSR0000SA0      ",2008,M06,6,2008-06-01,217.463,NULL
"CUSR0000SA0      ",2008,M07,7,2008-07-01,219.016,NULL
"CUSR0000SA0      ",2008,M08,8,2008-08-01,218.690,NULL
"CUSR0000SA0      ",2008,M09,9,2008-09-01,218.877,NULL
"CUSR0000SA0      ",2008,M10,10,2008-10-01,216.995,NULL
"CUSR0000SA0      ",2008,M11,11,2008-11-01,213.153,NULL
"CUSR0000SA0      ",2008,M12,12,2008-12-01,211.398,NULL
"CUSR0000SA0      ",2009,M01,1,2009-01-01,211.933,NULL
"CUSR0000SA0      ",2009,M02,2,2009-02-01,212.705,NULL
"CUSR0000SA0      ",2009,M03,3,2009-03-01,212.495,NULL
"CUSR0000SA0      ",2009,M04,4,2009-04-01,212.709,NULL
"CUSR0000SA0      ",2009,M05,5,2009-05-01,213.022,NULL
"CUSR0000SA0      ",2009,M06,6,2009-06-01,214.790,NULL
"CUSR0000SA0      ",2009,M07,7,2009-07-01,214.726,NULL
"CUSR0000SA0      ",2009,M08,8,2009-08-01,215.445,NULL
"CUSR0000SA0      ",2009,M09,9,2009-09-01,215.861,NULL
"CUSR0000SA0      ",2009,M10,10,2009-10-01,216.509,NULL
"CUSR0000SA0      ",2009,M11,11,2009-11-01,217.234,NULL
"CUSR0000SA0      ",2009,M12,12,2009-12-01,217.347,NULL
"CUSR0000SA0      ",2010,M01,1,2010-01-01,217.488,NULL
"CUSR0000SA0      ",2010,M02,2,2010-02-01,217.281,NULL
"CUSR0000SA0      ",2010,M03,3,2010-03-01,217.353,NULL
"CUSR0000SA0      ",2010,M04,4,2010-04-01,217.403,NULL
"CUSR0000SA0      ",2010,M05,5,2010-05-01,217.290,NULL
"CUSR0000SA0      ",2010,M06,6,2010-06-01,217.199,NULL
"CUSR0000SA0      ",2010,M07,7,2010-07-01,217.605,NULL
"CUSR0000SA0      ",2010,M08,8,2010-08-01,217.923,NULL
"CUSR0000SA0      ",2010,M09,9,2010-09-01,218.275,NULL
"CUSR0000SA0      ",2010,M10,10,2010-10-01,219.035,NULL
"CUSR0000SA0      ",2010,M11,11,2010-11-01,219.590,NULL
"CUSR0000SA0      ",2010,M12,12,2010-12-01,220.472,NULL
"CUSR0000SA0      ",2011,M01,1,2011-01-01,221.187,NULL
"CUSR0000SA0      ",2011,M02,2,2011-02-01,221.898,NULL
"CUSR0000SA0      ",2011,M03,3,2011-03-01,223.046,NULL
"CUSR0000SA0      ",2011,M04,4,2011-04-01,224.093,NULL
"CUSR0000SA0      ",2011,M05,5,2011-05-01,224.806,NULL
"CUSR0000SA0      ",2011,M06,6,2011-06-01,224.806,NULL
"CUSR0000SA0      ",2011,M07,7,2011-07-01,225.395,NULL
"CUSR0000SA0      ",2011,M08,8,2011-08-01,226.106,NULL
"CUSR0000SA0      ",2011,M09,9,2011-09-01,226.597,NULL
"CUSR0000SA0      ",2011,M10,10,2011-10-01,226.750,NULL
"CUSR0000SA0      ",2011,M11,11,2011-11-01,227.169,NULL
"CUSR0000SA0      ",2011,M12,12,2011-12-01,227.223,NULL
"CUSR0000SA0      ",2012,M01,1,2012-01-01,227.842,NULL
"CUSR0000SA0      ",2012,M02,2,2012-02-01,228.329,NULL
"CUSR0000SA0      ",2012,M03,3,2012-03-01,228.807,NULL
"CUSR0000SA0      ",2012,M04,4,2012-04-01,229.187,NULL
"CUSR0000SA0      ",2012,M05,5,2012-05-01,228.713,NULL
"CUSR0000SA0      ",2012,M06,6,2012-06-01,228.524,NULL
"CUSR0000SA0      ",2012,M07,7,2012-07-01,228.590,NULL
"CUSR0000SA0      ",2012,M08,8,2012-08-01,229.918,NULL
"CUSR0000SA0      ",2012,M09,9,2012-09-01,231.015,NULL
"CUSR0000SA0      ",2012,M10,10,2012-10-01,231.638,NULL
"CUSR0000SA0      ",2012,M11,11,2012-11-01,231.249,NULL
"CUSR0000SA0      ",2012,M12,12,2012-12-01,231.221,NULL
"CUSR0000SA0      ",2013,M01,1,2013-01-01,231.679,NULL
"CUSR0000SA0      ",2013,M02,2,2013-02-01,232.937,NULL
"CUSR0000SA0      ",2013,M03,3,2013-03-01,232.282,NULL
"CUSR0000SA0      ",2013,M04,4,2013-04-01,231.797,NULL
"CUSR0000SA0      ",2013,M05,5,2013-05-01,231.893,NULL
"CUSR0000SA0      ",2013,M06,6,2013-06-01,232.445,NULL
"CUSR0000SA0      ",2013,M07,7,2013-07-01,232.900,NULL
"CUSR0000SA0      ",2013,M08,8,2013-08-01,233.456,NULL
"CUSR0000SA0      ",2013,M09,9,2013-09-01,233.544,NULL
"CUSR0000SA0      ",2013,M10,10,2013-10-01,233.669,NULL
"CUSR0000SA0      ",2013,M11,11,2013-11-01,234.100,NULL
"CUSR0000SA0      ",2013,M12,12,2013-12-01,234.719,NULL
"CUSR0000SA0      ",2014,M01,1,2014-01-01,235.288,NULL
"CUSR0000SA0      ",2014,M02,2,2014-02-01,235.547,NULL
"CUSR0000SA0      ",2014,M03,3,2014-03-01,236.028,NULL
"CUSR0000SA0      ",2014,M04,4,2014-04-01,236.468,NULL
"CUSR0000SA0      ",2014,M05,5,2014-05-01,236.918,NULL
"CUSR0000SA0      ",2014,M06,6,2014-06-01,237.231,NULL
"CUSR0000SA0      ",2014,M07,7,2014-07-01,237.498,NULL
"CUSR0000SA0      ",2014,M08,8,2014-08-01,237.460,NULL
"CUSR0000SA0      ",2014,M09,9,2014-09-01,237.477,NULL
"CUSR0000SA0      ",2014,M10,10,2014-10-01,237.430,NULL
"CUSR0000SA0      ",2014,M11,11,2014-11-01,236.983,NULL
"CUSR0000SA0      ",2014,M12,12,2014-12-01,236.252,NULL
"CUSR0000SA0      ",2015,M01,1,2015-01-01,234.747,NULL
"CUSR0000SA0      ",2015,M02,2,2015-02-01,235.342,NULL
"CUSR0000SA0      ",2015,M03,3,2015-03-01,235.976,NULL
"CUSR0000SA0      ",2015,M04,4,2015-04-01,236.222,NULL
"CUSR0000SA0      ",2015,M05,5,2015-05-01,237.001,NULL
"CUSR0000SA0      ",2015,M06,6,2015-06-01,237.657,NULL
"CUSR0000SA0      ",2015,M07,7,2015-07-01,238.034,NULL
"CUSR0000SA0      ",2015,M08,8,2015-08-01,238.033,NULL
"CUSR0000SA0      ",2015,M09,9,2015-09-01,237.498,NULL
"CUSR0000SA0      ",2015,M10,10,2015-10-01,237.733,NULL
"CUSR0000SA0      ",2015,M11,11,2015-11-01,238.017,NULL
"CUSR0000SA0      ",2015,M12,12,2015-12-01,237.761,NULL
"CUSR0000SA0      ",2016,M01,1,2016-01-01,237.652,NULL
"CUSR0000SA0      ",2016,M02,2,2016-02-01,237.336,NULL
"CUSR0000SA0      ",2016,M03,3,2016-03-01,238.080,NULL
"CUSR0000SA0      ",2016,M04,4,2016-04-01,238.992,NULL
"CUSR0000SA0      ",2016,M05,5,2016-05-01,239.557,NULL
"CUSR0000SA0      ",2016,M06,6,2016-06-01,240.222,NULL
"CUSR0000SA0      ",2016,M07,7,2016-07-01,240.101,NULL
"CUSR0000SA0      ",2016,M08,8,2016-08-01,240.545,NULL
"CUSR0000SA0      ",2016,M09,9,2016-09-01,241.176,NULL
"CUSR0000SA0      ",2016,M10,10,2016-10-01,241.741,NULL
"CUSR0000SA0      ",2016,M11,11,2016-11-01,242.026,NULL
"CUSR0000SA0      ",2016,M12,12,2016-12-01,242.637,NULL
"CUSR0000SA0      ",2017,M01,1,2017-01-01,243.618,NULL
"CUSR0000SA0      ",2017,M02,2,2017-02-01,244.006,NULL
"CUSR0000SA0      ",2017,M03,3,2017-03-01,243.892,NULL
"CUSR0000SA0      ",2017,M04,4,2017-04-01,244.193,NULL
"CUSR0000SA0      ",2017,M05,5,2017-05-01,244.004,NULL
"CUSR0000SA0      ",2017,M06,6,2017-06-01,244.163,NULL
"CUSR0000SA0      ",2017,M07,7,2017-07-01,244.243,NULL
"CUSR0000SA0      ",2017,M08,8,2017-08-01,245.183,NULL
"CUSR0000SA0      ",2017,M09,9,2017-09-01,246.435,NULL
"CUSR0000SA0      ",2017,M10,10,2017-10-01,246.626,NULL
"CUSR0000SA0      ",2017,M11,11,2017-11-01,247.284,NULL
"CUSR0000SA0      ",2017,M12,12,2017-12-01,247.805,NULL
"CUSR0000SA0      ",2018,M01,1,2018-01-01,248.859,NULL
"CUSR0000SA0      ",2018,M02,2,2018-02-01,249.529,NULL
"CUSR0000SA0      ",2018,M03,3,2018-03-01,249.577,NULL
"CUSR0000SA0      ",2018,M04,4,2018-04-01,250.227,NULL
"CUSR0000SA0      ",2018,M05,5,2018-05-01,250.792,NULL
"CUSR0000SA0      ",2018,M06,6,2018-06-01,251.018,NULL
"CUSR0000SA0      ",2018,M07,7,2018-07-01,251.214,NULL
"CUSR0000SA0      ",2018,M08,8,2018-08-01,251.663,NULL
"CUSR0000SA0      ",2018,M09,9,2018-09-01,252.182,NULL
"CUSR0000SA0      ",2018,M10,10,2018-10-01,252.772,NULL
"CUSR0000SA0      ",2018,M11,11,2018-11-01,252.594,NULL
"CUSR0000SA0      ",2018,M12,12,2018-12-01,252.767,NULL
"CUSR0000SA0      ",2019,M01,1,2019-01-01,252.561,NULL
"CUSR0000SA0      ",2019,M02,2,2019-02-01,253.319,NULL
"CUSR0000SA0      ",2019,M03,3,2019-03-01,254.277,NULL
"CUSR0000SA0      ",2019,M04,4,2019-04-01,255.233,NULL
"CUSR0000SA0      ",2019,M05,5,2019-05-01,255.296,NULL
"CUSR0000SA0      ",2019,M06,6,2019-06-01,255.213,NULL
"CUSR0000SA0      ",2019,M07,7,2019-07-01,255.802,NULL
"CUSR0000SA0      ",2019,M08,8,2019-08-01,256.036,NULL
"CUSR0000SA0      ",2019,M09,9,2019-09-01,256.430,NULL
"CUSR0000SA0      ",2019,M10,10,2019-10-01,257.155,NULL
"CUSR0000SA0      ",2019,M11,11,2019-11-01,257.879,NULL
"CUSR0000SA0      ",2019,M12,12,2019-12-01,258.630,NULL
"CUSR0000SA0      ",2020,M01,1,2020-01-01,259.127,NULL
"CUSR0000SA0      ",2020,M02,2,2020-02-01,259.250,NULL
"CUSR0000SA0      ",2020,M03,3,2020-03-01,258.076,NULL
"CUSR0000SA0      ",2020,M04,4,2020-04-01,256.032,NULL
"CUSR0000SA0      ",2020,M05,5,2020-05-01,255.802,NULL
"CUSR0000SA0      ",2020,M06,6,2020-06-01,257.042,NULL
"CUSR0000SA0      ",2020,M07,7,2020-07-01,258.352,NULL
"CUSR0000SA0      ",2020,M08,8,2020-08-01,259.316,NULL
"CUSR0000SA0      ",2020,M09,9,2020-09-01,259.997,NULL
"CUSR0000SA0      ",2020,M10,10,2020-10-01,260.319,NULL
"CUSR0000SA0      ",2020,M11,11,2020-11-01,260.911,NULL
"CUSR0000SA0      ",2020,M12,12,2020-12-01,262.045,NULL
"CUSR0000SA0      ",2021,M01,1,2021-01-01,262.639,NULL
"CUSR0000SA0      ",2021,M02,2,2021-02-01,263.573,NULL
"CUSR0000SA0      ",2021,M03,3,2021-03-01,264.847,NULL
"CUSR0000SA0      ",2021,M04,4,2021-04-01,266.625,NULL
"CUSR0000SA0      ",2021,M05,5,2021-05-01,268.404,NULL
"CUSR0000SA0      ",2021,M06,6,2021-06-01,270.710,NULL
"CUSR0000SA0      ",2021,M07,7,2021-07-01,271.965,NULL
"CUSR0000SA0      ",2021,M08,8,2021-08-01,272.752,NULL
"CUSR0000SA0      ",2021,M09,9,2021-09-01,273.942,NULL
"CUSR0000SA0      ",2021,M10,10,2021-10-01,276.528,NULL
"CUSR0000SA0      ",2021,M11,11,2021-11-01,278.824,NULL
"CUSR0000SA0      ",2021,M12,12,2021-12-01,280.806,NULL
"CUSR0000SA0      ",2022,M01,1,2022-01-01,282.542,NULL
"CUSR0000SA0      ",2022,M02,2,2022-02-01,284.525,NULL
"CUSR0000SA0      ",2022,M03,3,2022-03-01,287.467,NULL
"CUSR0000SA0      ",2022,M04,4,2022-04-01,288.582,NULL
"CUSR0000SA0      ",2022,M05,5,2022-05-01,291.299,NULL
"CUSR0000SA0      ",2022,M06,6,2022-06-01,295.072,NULL
"CUSR0000SA0      ",2022,M07,7,2022-07-01,294.940,NULL
"CUSR0000SA0      ",2022,M08,8,2022-08-01,295.162,NULL
"CUSR0000SA0      ",2022,M09,9,2022-09-01,296.421,NULL
"CUSR0000SA0      ",2022,M10,10,2022-10-01,297.979,NULL
"CUSR0000SA0      ",2022,M11,11,2022-11-01,298.708,NULL
"CUSR0000SA0      ",2022,M12,12,2022-12-01,298.808,NULL
"CUSR0000SA0      ",2023,M01,1,2023-01-01,300.456,NULL
"CUSR0000SA0      ",2023,M02,2,2023-02-01,301.476,NULL
"CUSR0000SA0      ",2023,M03,3,2023-03-01,301.643,NULL
"CUSR0000SA0      ",2023,M04,4,2023-04-01,302.858,NULL
"CUSR0000SA0      ",2023,M05,5,2023-05-01,303.316,NULL
"CUSR0000SA0      ",2023,M06,6,2023-06-01,304.099,NULL
"CUSR0000SA0      ",2023,M07,7,2023-07-01,304.615,NULL
"CUSR0000SA0      ",2023,M08,8,2023-08-01,306.138,NULL
"CUSR0000SA0      ",2023,M09,9,2023-09-01,307.374,NULL
"CUSR0000SA0      ",2023,M10,10,2023-10-01,307.653,NULL
"CUSR0000SA0      ",2023,M11,11,2023-11-01,308.087,NULL
"CUSR0000SA0      ",2023,M12,12,2023-12-01,308.735,NULL
"CUSR0000SA0      ",2024,M01,1,2024-01-01,309.794,NULL
"CUSR0000SA0      ",2024,M02,2,2024-02-01,311.022,NULL
"CUSR0000SA0      ",2024,M03,3,2024-03-01,312.107,NULL
"CUSR0000SA0      ",2024,M04,4,2024-04-01,313.016,NULL
"CUSR0000SA0      ",2024,M05,5,2024-05-01,313.140,NULL
"CUSR0000SA0      ",2024,M06,6,2024-06-01,313.131,NULL
"CUSR0000SA0      ",2024,M07,7,2024-07-01,313.566,NULL
"CUSR0000SA0      ",2024,M08,8,2024-08-01,314.131,NULL
"CUSR0000SA0      ",2024,M09,9,2024-09-01,314.851,NULL
"CUSR0000SA0      ",2024,M10,10,2024-10-01,315.564,NULL
"CUSR0000SA0      ",2024,M11,11,2024-11-01,316.449,NULL
"CUSR0000SA0      ",2024,M12,12,2024-12-01,317.603,NULL
"CUSR0000SA0      ",2025,M01,1,2025-01-01,319.086,NULL
"CUSR0000SA0      ",2025,M02,2,2025-02-01,319.775,NULL
"CUSR0000SA0      ",2025,M03,3,2025-03-01,319.615,NULL
"CUSR0000SA0      ",2025,M04,4,2025-04-01,320.321,NULL
"CUSR0000SA0      ",2025,M05,5,2025-05-01,320.580,NULL
"CUSR0000SA0      ",2025,M06,6,2025-06-01,321.500,NULL
"CUSR0000SA0      ",2025,M07,7,2025-07-01,322.132,NULL
"CUSR0000SA0      ",2025,M08,8,2025-08-01,323.364,NULL
"CUSR0000SA0      ",2025,M09,9,2025-09-01,324.368,NULL
"CUSR0000SAA      ",1947,M01,1,1947-01-01,38.400,NULL
"CUSR0000SAA      ",1947,M02,2,1947-02-01,38.800,NULL
"CUSR0000SAA      ",1947,M03,3,1947-03-01,39.400,NULL
"CUSR0000SAA      ",1947,M04,4,1947-04-01,39.700,NULL
"CUSR0000SAA      ",1947,M05,5,1947-05-01,39.800,NULL
"CUSR0000SAA      ",1947,M06,6,1947-06-01,40.000,NULL
"CUSR0000SAA      ",1947,M07,7,1947-07-01,40.000,NULL
"CUSR0000SAA      ",1947,M08,8,1947-08-01,40.100,NULL
"CUSR0000SAA      ",1947,M09,9,1947-09-01,40.200,NULL
"CUSR0000SAA      ",1947,M10,10,1947-10-01,40.400,NULL
"CUSR0000SAA      ",1947,M11,11,1947-11-01,40.600,NULL
"CUSR0000SAA      ",1947,M12,12,1947-12-01,41.000,NULL
"CUSR0000SAA      ",1948,M01,1,1948-01-01,41.300,NULL
"CUSR0000SAA      ",1948,M02,2,1948-02-01,41.800,NULL
"CUSR0000SAA      ",1948,M03,3,1948-03-01,42.000,NULL
"CUSR0000SAA      ",1948,M04,4,1948-04-01,42.100,NULL
"CUSR0000SAA      ",1948,M05,5,1948-05-01,42.500,NULL
"CUSR0000SAA      ",1948,M06,6,1948-06-01,42.400,NULL
"CUSR0000SAA      ",1948,M07,7,1948-07-01,42.700,NULL
"CUSR0000SAA      ",1948,M08,8,1948-08-01,43.100,NULL
"CUSR0000SAA      ",1948,M09,9,1948-09-01,43.100,NULL
"CUSR0000SAA      ",1948,M10,10,1948-10-01,43.100,NULL
"CUSR0000SAA      ",1948,M11,11,1948-11-01,43.000,NULL
"CUSR0000SAA      ",1948,M12,12,1948-12-01,43.000,NULL
"CUSR0000SAA      ",1949,M01,1,1949-01-01,42.200,NULL
"CUSR0000SAA      ",1949,M02,2,1949-02-01,41.800,NULL
"CUSR0000SAA      ",1949,M03,3,1949-03-01,41.600,NULL
"CUSR0000SAA      ",1949,M04,4,1949-04-01,41.300,NULL
"CUSR0000SAA      ",1949,M05,5,1949-05-01,41.100,NULL
"CUSR0000SAA      ",1949,M06,6,1949-06-01,41.000,NULL
"CUSR0000SAA      ",1949,M07,7,1949-07-01,40.800,NULL
"CUSR0000SAA      ",1949,M08,8,1949-08-01,40.500,NULL
"CUSR0000SAA      ",1949,M09,9,1949-09-01,40.200,NULL
"CUSR0000SAA      ",1949,M10,10,1949-10-01,39.900,NULL
"CUSR0000SAA      ",1949,M11,11,1949-11-01,39.800,NULL
"CUSR0000SAA      ",1949,M12,12,1949-12-01,39.800,NULL
"CUSR0000SAA      ",1950,M01,1,1950-01-01,39.700,NULL
"CUSR0000SAA      ",1950,M02,2,1950-02-01,39.700,NULL
"CUSR0000SAA      ",1950,M03,3,1950-03-01,39.700,NULL
"CUSR0000SAA      ",1950,M04,4,1950-04-01,39.700,NULL
"CUSR0000SAA      ",1950,M05,5,1950-05-01,39.700,NULL
"CUSR0000SAA      ",1950,M06,6,1950-06-01,39.700,NULL
"CUSR0000SAA      ",1950,M07,7,1950-07-01,39.900,NULL
"CUSR0000SAA      ",1950,M08,8,1950-08-01,40.100,NULL
"CUSR0000SAA      ",1950,M09,9,1950-09-01,40.600,NULL
"CUSR0000SAA      ",1950,M10,10,1950-10-01,41.200,NULL
"CUSR0000SAA      ",1950,M11,11,1950-11-01,41.500,NULL
"CUSR0000SAA      ",1950,M12,12,1950-12-01,41.900,NULL
"CUSR0000SAA      ",1951,M01,1,1951-01-01,42.600,NULL
"CUSR0000SAA      ",1951,M02,2,1951-02-01,43.300,NULL
"CUSR0000SAA      ",1951,M03,3,1951-03-01,43.500,NULL
"CUSR0000SAA      ",1951,M04,4,1951-04-01,43.800,NULL
"CUSR0000SAA      ",1951,M05,5,1951-05-01,43.900,NULL
"CUSR0000SAA      ",1951,M06,6,1951-06-01,43.900,NULL
"CUSR0000SAA      ",1951,M07,7,1951-07-01,44.000,NULL
